그룹,키워드,PC검색,모바일검색,경쟁도
A_고볼륨,인터넷속도측정,82600,33000,높음
A_고볼륨,KT인터넷고객센터,4670,26400,높음
A_고볼륨,KT요금제,9190,17700,높음
A_고볼륨,SK인터넷,6090,14800,높음
A_고볼륨,IPTIME공유기,6230,13600,중간
A_고볼륨,인터넷비교사이트,4360,12200,높음
A_고볼륨,LGU+,10900,12100,높음
A_고볼륨,인터넷가입,7310,11600,높음
A_고볼륨,인터넷설치,3750,10100,높음
A_고볼륨,SKT인터넷,4180,9120,높음
A_고볼륨,인터넷속도,21100,7970,높음
A_고볼륨,SK요금제,3260,7060,높음
A_고볼륨,KT인터넷설치,2890,7020,높음
A_고볼륨,포켓와이파이,2510,6890,높음
A_고볼륨,SK브로드밴드인터넷,2600,6660,높음
A_고볼륨,KT인터넷요금제,1720,5000,높음
A_고볼륨,셋톱박스,1160,4960,중간
A_고볼륨,유플러스인터넷,2360,4850,높음
A_고볼륨,와이파이설치,550,4700,높음
A_고볼륨,IPTV,1890,4550,높음
A_고볼륨,광케이블,2580,4130,중간
A_고볼륨,인터넷티비현금많이주는곳,1310,3990,높음
A_고볼륨,통신사변경,530,3800,높음
A_고볼륨,공유기와이파이,780,3710,중간
A_고볼륨,LGU플러스인터넷,1660,3580,높음
A_고볼륨,인터넷티비,1880,3350,높음
A_고볼륨,아이피타임공유기,1710,3330,높음
A_고볼륨,엘지인터넷,1580,3270,높음
A_고볼륨,인터넷가입현금지원,1580,3240,높음
A_고볼륨,컴퓨터와이파이연결,560,3210,높음
A_고볼륨,KT인터넷이전설치,1090,3200,높음
A_고볼륨,LG요금제,1220,3040,높음
A_고볼륨,LGU+인터넷,1370,2950,높음
A_고볼륨,KT인터넷가입,2440,2870,높음
A_고볼륨,인터넷가입사은품많이주는곳,1810,2830,높음
A_고볼륨,무선공유기,2080,2620,중간
A_고볼륨,KT직영점,530,2580,높음
A_고볼륨,인터넷신청,1380,2510,높음
A_고볼륨,인터넷선,950,2360,중간
A_고볼륨,스카이라이프인터넷,800,2360,높음
A_고볼륨,인터넷설치현금,1040,2190,높음
A_고볼륨,인터넷TV,1620,2180,높음
A_고볼륨,알뜰인터넷,1440,2090,높음
A_고볼륨,컴퓨터인터넷연결,170,2030,높음
A_고볼륨,KT인터넷TV,1870,1930,높음
A_고볼륨,KT와이파이,380,1910,높음
A_고볼륨,유플러스티비,690,1860,높음
A_고볼륨,셋탑박스,1060,1830,높음
A_고볼륨,인터넷요금,670,1750,높음
A_고볼륨,에그와이파이,390,1720,높음
A_고볼륨,인터넷속도측정사이트,4800,1710,높음
A_고볼륨,올레TV,710,1700,높음
A_고볼륨,티피링크공유기,680,1690,높음
A_고볼륨,SK인터넷설치,1210,1650,높음
A_고볼륨,SK인터넷설치,1210,1650,높음
A_고볼륨,케이티인터넷고객센터,280,1640,높음
A_고볼륨,와이파이속도,480,1630,높음
A_고볼륨,초고속인터넷,930,1610,높음
A_고볼륨,인터넷지원금,770,1590,높음
A_고볼륨,노트북인터넷연결,220,1520,높음
A_고볼륨,SKT인터넷설치,510,1500,높음
A_고볼륨,딜라이브인터넷,480,1490,높음
A_고볼륨,SK인터넷요금제,610,1450,높음
A_고볼륨,티비인터넷,240,1420,높음
A_고볼륨,WIFI,930,1410,높음
A_고볼륨,공유기설치,200,1400,높음
A_고볼륨,인터넷연결,320,1390,높음
A_고볼륨,인터넷종류,420,1360,높음
A_고볼륨,현금이벤트,250,1340,중간
A_고볼륨,인터넷현금지원,730,1320,높음
A_고볼륨,KT인터넷티비,1240,1320,높음
A_고볼륨,KTTV요금제,340,1310,높음
A_고볼륨,인터넷변경,930,1250,높음
A_고볼륨,SK인터넷가입,750,1230,높음
A_고볼륨,인터넷신규가입,830,1200,높음
A_고볼륨,인터넷재약정혜택,330,1160,높음
A_고볼륨,유플러스모바일TV,380,1130,높음
A_고볼륨,인터넷속도체크,2480,1120,높음
A_고볼륨,통신사이동,220,1120,높음
A_고볼륨,무선와이파이공유기,240,1120,높음
A_고볼륨,무선인터넷,550,1120,높음
A_고볼륨,SK와이파이,150,1060,높음
A_고볼륨,인터넷교체,690,1040,높음
A_고볼륨,인터넷현금,490,1030,높음
A_고볼륨,인터넷설치비용,770,1020,높음
A_고볼륨,SKT텔레콤,810,1010,높음
B_중볼륨,SKT인터넷요금제,360,980,높음
B_중볼륨,LGU플러스TV,570,980,높음
B_중볼륨,랜선연결,240,960,높음
B_중볼륨,인터넷변경현금지급,570,930,높음
B_중볼륨,통신사이동혜택,190,930,높음
B_중볼륨,인터넷약정,850,900,높음
B_중볼륨,인터넷가입사은품,660,880,높음
B_중볼륨,KT인터넷재약정혜택,310,880,높음
B_중볼륨,인터넷가입비교사이트,440,870,높음
B_중볼륨,KT인터넷요금,470,870,높음
B_중볼륨,인터넷모뎀,240,840,중간
B_중볼륨,WIFI공유기,370,830,중간
B_중볼륨,집와이파이설치,120,830,높음
B_중볼륨,인터넷100메가속도,250,820,높음
B_중볼륨,KT지니,340,820,높음
B_중볼륨,WIFI증폭기,360,810,중간
B_중볼륨,와이파이연결,110,810,높음
B_중볼륨,UHDTV,280,810,중간
B_중볼륨,INTERNET,240,800,높음
B_중볼륨,인터넷TV요금,280,790,높음
B_중볼륨,인터넷요금비교,810,790,높음
B_중볼륨,인터넷티비결합,610,760,높음
B_중볼륨,KT와이파이공유기,160,750,높음
B_중볼륨,선불인터넷,240,750,높음
B_중볼륨,KT인터넷속도측정,4750,720,높음
B_중볼륨,원룸와이파이설치,480,700,높음
B_중볼륨,인터넷요금제,400,690,높음
B_중볼륨,TV인터넷,510,690,높음
B_중볼륨,인터넷해지위약금,180,670,높음
B_중볼륨,인터넷TV현금,420,660,높음
B_중볼륨,인터넷변경지원금,470,660,높음
B_중볼륨,인터넷티비지원금,150,650,높음
B_중볼륨,인터넷비교,750,640,높음
B_중볼륨,U+TV,360,640,높음
B_중볼륨,유플러스TV,380,630,높음
B_중볼륨,KT인터넷재약정,650,600,높음
B_중볼륨,인터넷TV결합,260,600,높음
B_중볼륨,인터넷사은품,510,600,높음
B_중볼륨,SK브로드밴드요금제,160,590,높음
B_중볼륨,집인터넷설치,540,580,높음
B_중볼륨,인터넷케이블,480,580,중간
B_중볼륨,TV무료보기,140,570,높음
B_중볼륨,인터넷비용,160,550,높음
B_중볼륨,KTTV인터넷,540,550,높음
B_중볼륨,인터넷와이파이설치,350,550,높음
B_중볼륨,ADSL,350,550,높음
B_중볼륨,인터넷선설치,80,550,높음
B_중볼륨,GIGA,170,540,높음
B_중볼륨,SKTV인터넷,490,530,높음
B_중볼륨,인터넷재약정,760,520,높음
B_중볼륨,인터넷통신사변경,600,520,높음
B_중볼륨,인터넷가격비교,510,520,높음
B_중볼륨,LG인터넷가입,490,500,높음
B_중볼륨,KT해지방어,250,500,높음
B_중볼륨,기가인터넷,300,490,높음
B_중볼륨,KT인터넷TV요금제,170,490,높음
B_중볼륨,인터넷TV신청,380,480,높음
B_중볼륨,인터넷해지,170,480,높음
B_중볼륨,KT인터넷속도,1860,480,높음
B_중볼륨,KT인터넷베이직,340,470,높음
B_중볼륨,LG인터넷TV,300,470,높음
B_중볼륨,엘지유플러스티비,190,470,높음
B_중볼륨,KT이전설치,250,460,높음
B_중볼륨,KT인터넷신규가입,780,460,높음
B_중볼륨,헬로비전인터넷,190,460,높음
B_중볼륨,미소인터넷,140,460,낮음
B_중볼륨,현금지급이벤트,60,450,높음
B_중볼륨,인터넷이전설치,290,450,높음
B_중볼륨,인터넷개통,420,440,높음
B_중볼륨,인터넷티비결합상품,470,440,높음
B_중볼륨,KT인터넷사은품,650,440,높음
B_중볼륨,KT인터넷전화기,330,440,높음
B_중볼륨,LG스마트티비,170,440,중간
B_중볼륨,위성인터넷,140,430,높음
B_중볼륨,인터넷티비가입,340,420,높음
B_중볼륨,IPTV비교,160,410,높음
B_중볼륨,LGU플러스티비,70,410,높음
B_중볼륨,인터넷100메가,700,400,높음
B_중볼륨,인터넷가입비교,440,390,높음
B_중볼륨,인터넷티비설치,350,390,높음
B_중볼륨,인터넷기사,100,390,높음
B_중볼륨,100메가,300,380,높음
B_중볼륨,인터넷와이파이,100,380,높음
B_중볼륨,인터넷만설치,220,370,높음
B_중볼륨,기업인터넷,680,360,높음
B_중볼륨,와이파이설치비용,40,360,높음
B_중볼륨,TV인터넷가입,280,350,높음
B_중볼륨,LG유플러스티비,100,350,높음
B_중볼륨,지역인터넷,160,350,높음
B_중볼륨,인터넷없이와이파이,40,350,높음
B_중볼륨,KT인터넷할인카드,150,350,높음
B_중볼륨,데스크탑무선인터넷,80,350,높음
B_중볼륨,신용불량자인터넷가입,100,350,높음
B_중볼륨,와이파이6공유기,160,350,중간
B_중볼륨,인터넷1기가,100,340,높음
B_중볼륨,와이파이공유기설치,80,340,높음
B_중볼륨,와이파이만설치,40,340,높음
B_중볼륨,1년약정인터넷,110,340,높음
B_중볼륨,KCTV인터넷,60,340,높음
B_중볼륨,인터넷추천,480,330,높음
B_중볼륨,인터넷설치비,160,330,높음
B_중볼륨,인터넷약정기간,70,330,높음
B_중볼륨,SK인터넷TV,550,330,높음
B_중볼륨,휴대용와이파이무제한,60,330,중간
B_중볼륨,아파트인터넷연결,60,320,높음
B_중볼륨,인터넷알뜰요금제,110,320,높음
B_중볼륨,인터넷약정위약금,60,310,높음
B_중볼륨,KT인터넷결합,160,310,높음
B_중볼륨,기가공유기,230,310,중간
B_중볼륨,KT인터넷전화번호,80,310,높음
B_중볼륨,인터넷2년약정,80,300,높음
B_중볼륨,인터넷당일설치,230,300,높음
B_중볼륨,인터넷가격,410,300,높음
B_중볼륨,아파트인터넷,120,300,높음
B_중볼륨,KT인터넷현금,740,300,높음
C_저볼륨,LG인터넷티비,410,290,높음
C_저볼륨,인터넷이전,120,280,높음
C_저볼륨,SK인터넷요금,230,280,높음
C_저볼륨,와이파이증폭기추천,90,280,높음
C_저볼륨,자취방인터넷,430,280,높음
C_저볼륨,SKT인터넷가입,310,270,높음
C_저볼륨,SK인터넷결합,100,270,높음
C_저볼륨,요즘가족결합,250,270,높음
C_저볼륨,와이파이티비,30,260,높음
C_저볼륨,LG유플러스TV,150,260,높음
C_저볼륨,인터넷TV가입,390,250,높음
C_저볼륨,유플러스공유기,90,250,높음
C_저볼륨,KT인터넷지원금,50,250,높음
C_저볼륨,KT알뜰폰인터넷결합,100,250,높음
C_저볼륨,인터넷가입현금,300,240,높음
C_저볼륨,집인터넷,310,240,높음
C_저볼륨,인터넷500메가,90,240,높음
C_저볼륨,SKT에그,130,240,높음
C_저볼륨,인터넷오류,60,230,높음
C_저볼륨,인터넷무약정,50,230,높음
C_저볼륨,공유기가격,410,230,중간
C_저볼륨,인터넷결합,650,220,높음
C_저볼륨,LG유플러스인터넷해지,70,220,높음
C_저볼륨,초고속인터넷가입,270,220,높음
C_저볼륨,TV인터넷연결,30,220,높음
C_저볼륨,노트북인터넷,70,220,높음
C_저볼륨,저렴한인터넷,310,220,높음
C_저볼륨,인터넷회선추가,650,220,높음
C_저볼륨,현금지원,70,210,높음
C_저볼륨,인터넷신청사은품,260,210,높음
C_저볼륨,인터넷3년약정,310,210,높음
C_저볼륨,인터넷티비요금,80,210,높음
C_저볼륨,KT알뜰폰결합,140,210,높음
C_저볼륨,유선인터넷,60,200,높음
C_저볼륨,인터넷셋톱박스,50,200,높음
C_저볼륨,KT인터넷1년약정,50,200,높음
C_저볼륨,알뜰인터넷요금제,90,200,높음
C_저볼륨,포켓와이파이대여,130,200,높음
C_저볼륨,인터넷설치기사,30,190,높음
C_저볼륨,와이파이TV,30,190,높음
C_저볼륨,인터넷단기계약,60,190,높음
C_저볼륨,TV와이파이,20,190,높음
C_저볼륨,KTM모바일인터넷결합,100,190,높음
C_저볼륨,헬로모바일인터넷,270,190,높음
C_저볼륨,인터넷이동,460,180,높음
C_저볼륨,인터넷티비현금,80,180,높음
C_저볼륨,통신사변경혜택,360,180,높음
C_저볼륨,인터넷가입혜택,660,180,높음
C_저볼륨,인터넷설치주말,30,180,높음
C_저볼륨,인터넷통신사,570,180,높음
C_저볼륨,이사인터넷,80,180,높음
C_저볼륨,인터넷속도빠르게,420,180,높음
C_저볼륨,아름방송인터넷,30,180,높음
C_저볼륨,IPTIME공유기설치,80,180,높음
C_저볼륨,LG알뜰폰결합,90,180,높음
C_저볼륨,인터넷개통현금지급,320,170,높음
C_저볼륨,인터넷갈아타기,560,170,높음
C_저볼륨,인터넷사이트,140,170,높음
C_저볼륨,광랜인터넷,30,170,높음
C_저볼륨,유선티비,20,170,높음
C_저볼륨,컴퓨터무선인터넷,40,170,높음
C_저볼륨,KT인터넷설치비,70,170,높음
C_저볼륨,인터넷공유기설치,40,170,높음
C_저볼륨,현금지급,40,160,높음
C_저볼륨,인터넷할인,60,160,높음
C_저볼륨,SKT인터넷요금,80,160,높음
C_저볼륨,대전인터넷,60,160,높음
C_저볼륨,알뜰폰결합,100,160,높음
C_저볼륨,와이파이기기,80,160,높음
C_저볼륨,인터넷휴대폰결합,90,160,높음
C_저볼륨,인터넷바꾸기,340,150,높음
C_저볼륨,인터넷IPTV,30,150,높음
C_저볼륨,IPTV모니터,70,150,중간
C_저볼륨,인터넷만가입,90,150,높음
C_저볼륨,저가인터넷,320,150,높음
C_저볼륨,컴퓨터인터넷,50,150,높음
C_저볼륨,KT인터넷가입현금,150,150,높음
C_저볼륨,케이블티비신청,10,150,높음
C_저볼륨,가정용와이파이,20,150,높음
C_저볼륨,LG알뜰폰인터넷결합,80,150,높음
C_저볼륨,자취방와이파이설치,20,150,높음
C_저볼륨,인터넷신규가입혜택,540,140,높음
C_저볼륨,인터넷설치지원금,270,140,높음
C_저볼륨,인터넷통신사추천,480,140,높음
C_저볼륨,기업용인터넷,250,140,높음
C_저볼륨,무선인터넷연결방법,30,140,높음
C_저볼륨,인터넷알뜰폰결합,50,140,높음
C_저볼륨,LG인터넷요금,170,140,높음
C_저볼륨,무선인터넷에그,70,140,높음
C_저볼륨,인터넷복지할인,40,140,높음
C_저볼륨,랜선공사,180,140,높음
C_저볼륨,인터넷가입현금지급,340,130,높음
C_저볼륨,인터넷재가입,500,130,높음
C_저볼륨,인터넷변경사은품,340,130,높음
C_저볼륨,아파트인터넷설치,50,130,높음
C_저볼륨,100MB인터넷,570,130,높음
C_저볼륨,인터넷광케이블,80,130,높음
C_저볼륨,유플러스인터넷가입,340,130,높음
C_저볼륨,노트북무선인터넷,50,130,높음
C_저볼륨,KTTV인터넷요금제,50,130,높음
C_저볼륨,알뜰폰가족결합,40,130,높음
C_저볼륨,인터넷요금비교사이트,620,130,높음
C_저볼륨,인터넷현금많이주는곳,250,120,높음
C_저볼륨,인터넷+TV,70,120,높음
C_저볼륨,티비인터넷가입,80,120,높음
C_저볼륨,주말인터넷설치,10,120,높음
C_저볼륨,인터넷설치방법,30,120,높음
C_저볼륨,KT인터넷위약금,50,120,높음
C_저볼륨,KT사은품,40,120,높음
C_저볼륨,SK브로드밴드인터넷요금제,50,120,높음
C_저볼륨,인터넷비교견적,600,120,높음
C_저볼륨,와이파이요금,20,120,높음
C_저볼륨,자취방와이파이,20,120,높음
C_저볼륨,인터넷사은품많이주는곳,380,110,높음
C_저볼륨,인터넷가입지원금,430,110,높음
C_저볼륨,인터넷TV설치,300,110,높음
C_저볼륨,통신사혜택,20,110,높음
C_저볼륨,무료인터넷티비,620,110,높음
C_저볼륨,인터넷상담,560,110,높음
C_저볼륨,인터넷케이블TV,130,110,높음
C_저볼륨,와이파이단말기,50,110,중간
C_저볼륨,인터넷신규가입현금,80,100,높음
C_저볼륨,인터넷요금제비교,540,100,높음
C_저볼륨,통신사비교,40,100,높음
C_저볼륨,인터넷신규가입사은품,250,100,높음
C_저볼륨,엘지유플러스티비요금제,20,100,높음
C_저볼륨,인터넷업체,570,100,높음
C_저볼륨,인터넷재가입사은품,20,100,높음
C_저볼륨,인터넷싼곳,290,100,높음
C_저볼륨,KT인터넷변경,50,100,높음
C_저볼륨,무료인터넷,570,100,높음
C_저볼륨,IPTV추천,160,100,높음
C_저볼륨,DLIVE인터넷,20,100,높음
C_저볼륨,KT인터넷TV재약정,50,100,높음
C_저볼륨,UHD셋톱박스,20,100,중간
C_저볼륨,단기와이파이,10,100,높음
C_저볼륨,SK인터넷가입현금지원,30,90,높음
C_저볼륨,티비인터넷설치,60,90,높음
C_저볼륨,티비인터넷지원금,10,90,높음
C_저볼륨,인터넷설치비교,130,90,높음
C_저볼륨,인터넷티비비교,200,90,높음
C_저볼륨,인터넷신규,60,90,높음
C_저볼륨,광케이블종류,120,90,높음
C_저볼륨,인터넷추가설치,580,90,높음
C_저볼륨,SKT인터넷결합할인,30,90,높음
C_저볼륨,기가인터넷속도,100,90,높음
C_저볼륨,아이피티비,20,90,높음
C_저볼륨,수원인터넷,40,90,높음
C_저볼륨,케이블인터넷,40,90,높음
C_저볼륨,TV요금제,20,90,높음
C_저볼륨,인터넷속도차이,50,90,높음
C_저볼륨,랜선설치,40,90,높음
C_저볼륨,인터넷이전설치비,40,90,높음
C_저볼륨,인터넷티비사은품,50,80,높음
C_저볼륨,인터넷혜택,20,80,높음
C_저볼륨,인터넷가입사이트,580,80,높음
C_저볼륨,인터넷TV비교,240,80,높음
C_저볼륨,인터넷신규설치,260,80,높음
C_저볼륨,500MB인터넷,30,80,높음
C_저볼륨,컴퓨터인터넷설치,230,80,높음
C_저볼륨,유플인터넷,9,80,높음
C_저볼륨,인터넷티비재약정,20,80,높음
C_저볼륨,LG기업인터넷,140,80,높음
C_저볼륨,SKT인터넷재약정,40,80,높음
C_저볼륨,KT티비인터넷요금제,20,80,높음
C_저볼륨,LG인터넷알뜰폰결합,30,80,높음
C_저볼륨,개인와이파이,20,80,높음
C_저볼륨,인터넷돈많이주는곳,9,70,높음
C_저볼륨,인터넷설치현금지원,240,70,높음
C_저볼륨,인터넷TV지원금,30,70,높음
C_저볼륨,인터넷약정만료,570,70,높음
C_저볼륨,인터넷상품권,20,70,높음
C_저볼륨,인터넷설치사은품,290,70,높음
C_저볼륨,인터넷티비추천,30,70,높음
C_저볼륨,인터넷설치가능조회,30,70,높음
C_저볼륨,인터넷계약,560,70,높음
C_저볼륨,인터넷비,30,70,높음
C_저볼륨,TV인터넷설치,20,70,높음
C_저볼륨,인터넷이전신청,40,70,높음
C_저볼륨,인터넷연장,20,70,높음
C_저볼륨,인터넷사용료,20,70,높음
C_저볼륨,인터넷가입비,10,70,높음
C_저볼륨,인터넷단기,10,70,높음
C_저볼륨,인터넷속도비교,30,70,높음
C_저볼륨,알뜰요금제인터넷,20,70,높음
C_저볼륨,1인가구인터넷,250,70,높음
C_저볼륨,KT온라인대리점,20,70,높음
C_저볼륨,인터넷요금제변경,20,70,높음
C_저볼륨,인터넷장애인할인,20,70,높음
C_저볼륨,인터넷TV사은품,110,60,높음
C_저볼륨,인터넷가입센터,260,60,높음
C_저볼륨,집인터넷연결,20,60,높음
C_저볼륨,인터넷100M,20,60,높음
C_저볼륨,500메가인터넷,620,60,높음
C_저볼륨,대칭형인터넷,50,60,높음
C_저볼륨,인터넷품질측정,400,60,높음
C_저볼륨,인터넷망,60,60,중간
C_저볼륨,인터넷계약기간,9,60,높음
C_저볼륨,인터넷가입비용,9,60,높음
C_저볼륨,LG와이파이설치,10,60,높음
C_저볼륨,100메가인터넷,440,60,높음
C_저볼륨,인터넷1년,20,60,높음
C_저볼륨,인터넷회사,30,60,높음
C_저볼륨,KT인터넷신규가입사은품,20,60,높음
C_저볼륨,SK인터넷TV요금,10,60,높음
C_저볼륨,TV인터넷요금,20,60,높음
C_저볼륨,SK재약정,20,60,높음
C_저볼륨,인터넷100메가요금,20,60,높음
C_저볼륨,휴대폰인터넷결합,20,60,높음
C_저볼륨,인터넷티비요금제,80,60,높음
C_저볼륨,기가인터넷가격,20,60,높음
C_저볼륨,인터넷가입사은품TV,40,50,높음
C_저볼륨,KT인터넷현금지원,120,50,높음
C_저볼륨,인터넷TV현금지원,210,50,높음
C_저볼륨,인터넷혜택비교,10,50,높음
C_저볼륨,인터넷위약금지원,20,50,높음
C_저볼륨,티비인터넷현금지원,10,50,높음
C_저볼륨,인터넷TV변경,30,50,높음
C_저볼륨,인터넷보조금,430,50,높음
C_저볼륨,인터넷만기,10,50,높음
C_저볼륨,인터넷현금지급,380,50,높음
C_저볼륨,현금많이주는인터넷,550,50,높음
C_저볼륨,인터넷티비신청,20,50,높음
C_저볼륨,TV인터넷결합상품,130,50,높음
C_저볼륨,인터넷변경혜택,10,50,높음
C_저볼륨,빌라인터넷설치,560,50,높음
C_저볼륨,인터넷티비현금지원,20,50,높음
C_저볼륨,인터넷500MB,10,50,높음
C_저볼륨,IPTV인터넷,20,50,높음
C_저볼륨,인터넷상품,120,50,높음
C_저볼륨,인터넷티비가격,400,50,높음
C_저볼륨,노트북무료,9,50,높음
C_저볼륨,인터넷설치추천,240,50,높음
C_저볼륨,가정용인터넷,210,50,높음
C_저볼륨,결합상품,40,50,높음
C_저볼륨,SK브로드밴드재계약,9,50,높음
C_저볼륨,인터넷설치업체,240,50,높음
C_저볼륨,인터넷재계약,20,50,높음
C_저볼륨,인터넷티브이,10,50,높음
C_저볼륨,인터넷저렴,10,50,높음
C_저볼륨,인터넷가격비교사이트,200,50,높음
C_저볼륨,KT인터넷재가입,570,50,높음
C_저볼륨,일요일인터넷설치,9,50,높음
C_저볼륨,엘지유플러스결합상품,9,50,높음
C_저볼륨,100M인터넷,20,50,높음
C_저볼륨,인터넷TV재약정,20,50,높음
C_저볼륨,케이블설치,10,50,높음
C_저볼륨,티비인터넷변경,20,50,높음
C_저볼륨,인터넷설치불가지역,20,50,높음
C_저볼륨,KT인터넷TV요금,20,50,높음
C_저볼륨,인터넷대리점,10,50,높음
C_저볼륨,KT무선인터넷,40,50,높음
C_저볼륨,무료인터넷TV,30,50,높음
C_저볼륨,해외인터넷전화,20,50,높음
C_저볼륨,KT와이파이설치비용,9,50,높음
C_저볼륨,KT와이파이요금제,10,50,높음
C_저볼륨,WIFI설치,10,50,높음
C_저볼륨,모바일인터넷,60,50,높음
C_저볼륨,인터넷단기설치,20,50,높음
C_저볼륨,유플러스인터넷TV,30,50,높음
C_저볼륨,티비인터넷요금,20,50,높음
C_저볼륨,인터넷현금사은품,150,40,높음
C_저볼륨,인터넷가입현금사은품,370,40,높음
C_저볼륨,인터넷변경현금지원,10,40,높음
C_저볼륨,현금주는인터넷,130,40,높음
C_저볼륨,LG인터넷현금지원,10,40,높음
C_저볼륨,TV통신사변경,10,40,높음
C_저볼륨,인터넷티비신규가입,250,40,높음
C_저볼륨,인터넷지원,10,40,높음
C_저볼륨,인터넷티비변경,110,40,높음
C_저볼륨,인터넷교체사은품,9,40,높음
C_저볼륨,인터넷가입현금많이주는곳,110,40,높음
C_저볼륨,인터넷통신사이동,240,40,높음
C_저볼륨,인터넷설치현금많이주는곳,560,40,높음
C_저볼륨,인터넷TV추천,210,40,높음
C_저볼륨,인터넷가입상품권,410,40,높음
C_저볼륨,인터넷통신,20,40,높음
C_저볼륨,LGU+IPTV,20,40,높음
C_저볼륨,인터넷결합할인,80,40,높음
C_저볼륨,인터넷티비휴대폰결합,9,40,높음
C_저볼륨,가정집인터넷설치,10,40,높음
C_저볼륨,인터넷약정연장,20,40,높음
C_저볼륨,통신사인터넷,9,40,높음
C_저볼륨,인터넷가입업체,580,40,높음
C_저볼륨,인터넷광랜,20,40,높음
C_저볼륨,인터넷100MB,10,40,높음
C_저볼륨,KTTV재약정,10,40,높음
C_저볼륨,U+인터넷재약정,9,40,높음
C_저볼륨,건물인터넷,9,40,높음
C_저볼륨,다회선인터넷,70,40,높음
C_저볼륨,인터넷구매,40,40,높음
C_저볼륨,인터넷설치가능지역,40,40,높음
C_저볼륨,IPTV영화,20,40,높음
C_저볼륨,SK인터넷재가입,10,40,높음
C_저볼륨,인터넷갱신,10,40,높음
C_저볼륨,KT인터넷알뜰폰결합,40,40,높음
C_저볼륨,LG알뜰인터넷,30,40,높음
C_저볼륨,SKT알뜰폰요금제비교,40,40,높음
C_저볼륨,알뜰폰결합할인,20,40,높음
C_저볼륨,인터넷스피드,90,40,높음
C_저볼륨,통신료할인카드,20,40,높음
C_저볼륨,인터넷TV현금많이주는곳,580,30,높음
C_저볼륨,SK인터넷현금지원,600,30,높음
C_저볼륨,인터넷현금당일지급,10,30,높음
C_저볼륨,인터넷변경현금,10,30,높음
C_저볼륨,인터넷사은품TV,9,30,높음
C_저볼륨,전원주택인터넷,9,30,중간
C_저볼륨,인터넷신청현금,610,30,높음
C_저볼륨,인터넷티비약정,10,30,높음
C_저볼륨,인터넷기가,10,30,높음
C_저볼륨,인터넷가입상담,520,30,높음
C_저볼륨,인터넷가입신청,90,30,높음
C_저볼륨,TV인터넷결합,10,30,높음
C_저볼륨,인터넷TV결합상품,20,30,높음
C_저볼륨,티비인터넷결합,20,30,높음
C_저볼륨,인터넷가입TV,9,30,높음
C_저볼륨,인터넷가입티비,10,30,높음
C_저볼륨,인터넷결합상품,100,30,높음
C_저볼륨,인터넷저렴한곳,10,30,높음
C_저볼륨,인터넷설치당일,9,30,높음
C_저볼륨,인터넷가입변경,590,30,높음
C_저볼륨,인터넷설치토요일,10,30,높음
C_저볼륨,1기가인터넷,40,30,높음
C_저볼륨,인터넷가입방법,560,30,높음
C_저볼륨,인터넷설치티비,9,30,높음
C_저볼륨,신용불량자인터넷,20,30,높음
C_저볼륨,아파트인터넷신청,9,30,높음
C_저볼륨,인터넷티비통신사변경,9,30,높음
C_저볼륨,TV사은품,9,30,높음
C_저볼륨,티비사은품,9,30,높음
C_저볼륨,인터넷업그레이드,10,30,높음
C_저볼륨,당일인터넷설치,590,30,높음
C_저볼륨,엘지유플러스인터넷가입,260,30,높음
C_저볼륨,인터넷TV교체,610,30,높음
C_저볼륨,UPLUS인터넷,10,30,높음
C_저볼륨,유플러스와이파이설치,9,30,높음
C_저볼륨,인터넷속도100,20,30,중간
C_저볼륨,인터넷속도종류,20,30,높음
C_저볼륨,KT상품,20,30,높음
C_저볼륨,TV무료,10,30,높음
C_저볼륨,IPTVUHD,10,30,높음
C_저볼륨,IPTV와이파이,10,30,높음
C_저볼륨,IPTV요금제,10,30,높음
C_저볼륨,6개월인터넷,9,30,높음
C_저볼륨,LG재약정,20,30,높음
C_저볼륨,TV인터넷비교,10,30,높음
C_저볼륨,인터넷TV요금비교,30,30,높음
C_저볼륨,KT인터넷무약정,10,30,높음
C_저볼륨,KT인터넷티비재약정,20,30,높음
C_저볼륨,LG인터넷결합알뜰폰,20,30,높음
C_저볼륨,SKT인터넷지원금,10,30,높음
C_저볼륨,다이렉트인터넷,9,30,높음
C_저볼륨,무료인터넷전화,20,30,높음
C_저볼륨,인터넷만,10,30,높음
C_저볼륨,인터넷약정2년,10,30,높음
C_저볼륨,인터넷약정없이,10,30,높음
C_저볼륨,KT광랜,20,30,높음
C_저볼륨,LGU+인터넷가입,230,30,높음
C_저볼륨,인터넷단독가입,590,20,높음
C_저볼륨,인터넷교체현금,9,20,높음
C_저볼륨,인터넷가입현금사은품많이주는곳,540,20,높음
C_저볼륨,티비인터넷현금,9,20,높음
C_저볼륨,KT인터넷가입현금지원,30,20,높음
C_저볼륨,인터넷장기,40,20,높음
C_저볼륨,휴대폰결합,10,20,높음
C_저볼륨,티비인터넷사은품,9,20,높음
C_저볼륨,인터넷약정갱신,10,20,높음
C_저볼륨,티비인터넷신청,9,20,높음
C_저볼륨,현금사은품,9,20,높음
C_저볼륨,TV인터넷현금,180,20,높음
C_저볼륨,인터넷TV연결,10,20,중간
C_저볼륨,인터넷현금지원금,10,20,높음
C_저볼륨,인터넷티비가입사은품,9,20,높음
C_저볼륨,인터넷개통현금,9,20,높음
C_저볼륨,티비인터넷결합상품,9,20,높음
C_저볼륨,인터넷유선,9,20,높음
C_저볼륨,인터넷결합상품비교,440,20,높음
C_저볼륨,인터넷가입시현금많이주는곳,20,20,높음
C_저볼륨,인터넷가입혜택비교,9,20,높음
C_저볼륨,인터넷이동현금,9,20,높음
C_저볼륨,티비인터넷약정,9,20,높음
C_저볼륨,가정인터넷,570,20,높음
C_저볼륨,인터넷대칭비대칭,20,20,높음
C_저볼륨,KT인터넷패밀리요금제,10,20,높음
C_저볼륨,인터넷TV결합요금,9,20,높음
C_저볼륨,TV인터넷추천,9,20,높음
C_저볼륨,신축아파트인터넷,10,20,높음
C_저볼륨,신규인터넷,20,20,높음
C_저볼륨,인터넷조회,9,20,높음
C_저볼륨,인터넷설치후기,10,20,중간
C_저볼륨,인터넷단독,10,20,높음
C_저볼륨,뽐뿌인터넷가입,10,20,높음
C_저볼륨,인터넷싸게,90,20,높음
C_저볼륨,초고속인터넷설치,550,20,높음
C_저볼륨,인터넷서비스,10,20,높음
C_저볼륨,인터넷가입정보,10,20,높음
C_저볼륨,아파트인터넷가입,560,20,높음
C_저볼륨,인터넷설치혜택,10,20,높음
C_저볼륨,TV인터넷약정,9,20,높음
C_저볼륨,노트북사은품,10,20,높음
C_저볼륨,인터넷설치신청,50,20,높음
C_저볼륨,IPTV요금,9,20,높음
C_저볼륨,인터넷연결신청,9,20,높음
C_저볼륨,인터넷가입확인,20,20,높음
C_저볼륨,인터넷TV약정,20,20,높음
C_저볼륨,인터넷회선변경,9,20,높음
C_저볼륨,인터넷변경위약금,9,20,높음
C_저볼륨,인터넷만신청,9,20,높음
C_저볼륨,가정집인터넷,9,20,높음
C_저볼륨,인터넷티비요금비교,9,20,높음
C_저볼륨,인터넷설치약정,9,20,높음
C_저볼륨,KT인터넷1기가,10,20,높음
C_저볼륨,노트북증정,9,20,높음
C_저볼륨,인터넷TV요금제,20,20,높음
C_저볼륨,인터넷견적,30,20,높음
C_저볼륨,KTTV인터넷결합상품,10,20,높음
C_저볼륨,유선인터넷가입,9,20,높음
C_저볼륨,케이티재약정,9,20,높음
C_저볼륨,인터넷티비가격비교,10,20,높음
C_저볼륨,KT재가입,10,20,높음
C_저볼륨,U플러스와이파이,9,20,높음
C_저볼륨,인터넷카드할인,9,20,높음
C_저볼륨,KT인터넷가입현금사은품,10,20,높음
C_저볼륨,U+인터넷TV,10,20,높음
C_저볼륨,KT인터넷현금사은품,9,20,높음
C_저볼륨,인터넷설치비교사이트,20,20,높음
C_저볼륨,케이티인터넷요금제,9,20,높음
C_저볼륨,인터넷비용비교,10,20,높음
C_저볼륨,티비인터넷비교,9,20,높음
C_저볼륨,인터넷설치가격비교,10,20,높음
C_저볼륨,통신요금비교,10,20,높음
C_저볼륨,리브엠인터넷결합,20,20,높음
C_저볼륨,스카이라이프인터넷TV,10,20,높음
C_저볼륨,인터넷1년계약,10,20,높음
C_저볼륨,인터넷선불,9,20,높음
C_저볼륨,TV인터넷변경,20,20,높음
C_저볼륨,인터넷가입시현금,9,10,낮음
C_저볼륨,인터넷설치현금지급,9,10,높음
C_저볼륨,인터넷현금사은품많이주는곳,150,10,높음
C_저볼륨,인터넷현금주는곳,410,10,높음
C_저볼륨,인터넷현금지원비교,9,10,높음
C_저볼륨,인터넷티비신규,9,10,높음
C_저볼륨,통신사이동현금,9,10,높음
C_저볼륨,현금인터넷,9,10,높음
C_저볼륨,인터넷가입시,9,10,높음
C_저볼륨,인터넷가입TV사은품,9,10,높음
C_저볼륨,노트북공짜,9,10,낮음
C_저볼륨,인터넷개설,10,10,높음
C_저볼륨,인터넷가입티비사은품,9,10,높음
C_저볼륨,태블릿무료,9,10,중간
C_저볼륨,인터넷사은품티비,9,10,낮음
C_저볼륨,TV인터넷가입현금,9,10,낮음
C_저볼륨,인터넷가입상품,9,10,높음
C_저볼륨,초고속인터넷비교,9,10,높음
C_저볼륨,인터넷교환,9,10,높음
C_저볼륨,인터넷비교가입,9,10,높음
C_저볼륨,인터넷가입후기,10,10,높음
C_저볼륨,인터넷TV할인,10,10,높음
C_저볼륨,신규인터넷가입,10,10,높음
C_저볼륨,현금지원인터넷,9,10,높음
C_저볼륨,KT인터넷만,9,10,높음
C_저볼륨,인터넷현금비교,9,10,높음
C_저볼륨,메가인터넷,10,10,높음
C_저볼륨,신규인터넷설치,240,10,높음
C_저볼륨,인터넷가입카페,9,10,높음
C_저볼륨,인터넷티비결합할인,50,10,높음
C_저볼륨,TV인터넷신청,9,10,높음
C_저볼륨,티비인터넷추천,9,10,높음
C_저볼륨,인터넷설치장소,9,10,높음
C_저볼륨,인터넷설치조회,9,10,높음
C_저볼륨,인터넷가입문의,9,10,높음
C_저볼륨,가입신청,10,10,높음
C_저볼륨,인터넷+티비,10,10,높음
C_저볼륨,한방에요,10,10,낮음
C_저볼륨,인터넷신청비교,60,10,높음
C_저볼륨,인터넷신규신청,9,10,높음
C_저볼륨,인터넷서비스제공업체,9,10,높음
C_저볼륨,인터넷추가회선,9,10,높음
C_저볼륨,투룸인터넷,9,10,높음
C_저볼륨,노트북인터넷가입,9,10,높음
C_저볼륨,인터넷가입설치비,9,10,높음
C_저볼륨,초고속인터넷가입사은품,9,10,낮음
C_저볼륨,동등결합,10,10,낮음
C_저볼륨,인터넷사은품비교,10,10,높음
C_저볼륨,인터넷가입대리점,9,10,높음
C_저볼륨,용산구인터넷,10,10,높음
C_저볼륨,인터넷가입가격비교,10,10,높음
C_저볼륨,500M인터넷,10,10,높음
C_저볼륨,TV+인터넷,9,10,높음
C_저볼륨,인터넷가입조회,20,10,높음
C_저볼륨,통신사가격비교,9,10,높음
C_저볼륨,인터넷가입싼곳,9,10,높음
C_저볼륨,인터넷티비2대,9,10,높음
C_저볼륨,인터넷한달,9,10,높음
C_저볼륨,통신사가족할인,9,10,높음
C_저볼륨,TV인터넷사은품,130,10,높음
C_저볼륨,사은품TV,9,10,높음
C_저볼륨,집인터넷가입,9,10,높음
C_저볼륨,인터넷TV비교사이트,9,10,높음
C_저볼륨,인터넷설치지역,9,10,높음
C_저볼륨,인터넷통신사비교,10,10,높음
C_저볼륨,인터넷TV2대,9,10,높음
C_저볼륨,LG유플러스서비스,10,10,높음
C_저볼륨,티비지원금,9,10,높음
C_저볼륨,엘지TV인터넷,9,10,높음
C_저볼륨,LG인터넷변경,10,10,높음
C_저볼륨,KT가입사은품,9,10,높음
C_저볼륨,KT인터넷TV현금,9,10,높음
C_저볼륨,인터넷신규혜택,10,10,높음
C_저볼륨,인터넷약정사은품,9,10,높음
C_저볼륨,KT인터넷다이렉트,10,10,높음
C_저볼륨,KT변경,10,10,높음
C_저볼륨,IPTV2대,9,10,높음
C_저볼륨,IPTV가격,9,10,높음
C_저볼륨,알뜰인터넷TV,9,10,높음
C_저볼륨,인터넷TV가격비교,9,10,높음
C_저볼륨,인터넷신규가입비교,9,10,높음
C_저볼륨,인터넷티비비교사이트,9,10,높음
C_저볼륨,알뜰인터넷결합,9,10,높음
C_저볼륨,알뜰인터넷비교,10,10,높음
C_저볼륨,알뜰폰인터넷TV결합,9,10,높음
C_저볼륨,알뜰폰인터넷결합할인,10,10,높음
C_저볼륨,인터넷모바일결합,9,10,높음
C_저볼륨,휴대폰인터넷성지,9,10,높음
C_저볼륨,인터넷TV가격,9,10,높음
C_저볼륨,티비인터넷가격,9,10,높음
C_저볼륨,인터넷U+,9,10,높음
C_저볼륨,외국인인터넷가입,9,10,높음
C_저볼륨,TV인터넷현금지원,9,9,높음
C_저볼륨,인터넷교체현금지원,9,9,높음
C_저볼륨,인터넷사은품현금,9,9,높음
C_저볼륨,인터넷현금많이,9,9,높음
C_저볼륨,SKT인터넷현금지원,9,9,높음
C_저볼륨,인터넷가입시현금지급,9,9,높음
C_저볼륨,인터넷설치현금비교,9,9,낮음
C_저볼륨,기가인터넷현금,9,9,낮음
C_저볼륨,인터넷TV결합상품비교,9,9,높음
C_저볼륨,인터넷가입처,9,9,높음
C_저볼륨,인터넷온라인,9,9,높음
C_저볼륨,현금지급인터넷,9,9,높음
C_저볼륨,인터넷설치사이트,9,9,높음
C_저볼륨,인터넷현금가입,9,9,높음
C_저볼륨,인터넷가입현금많이,510,9,높음
C_저볼륨,인터넷경품,9,9,낮음
C_저볼륨,인터넷결합현금,9,9,높음
C_저볼륨,인터넷통신사변경사은품,9,9,높음
C_저볼륨,인터넷결합사은품,9,9,낮음
C_저볼륨,인터넷온라인가입,9,9,높음
C_저볼륨,인터넷개통사은품,9,9,높음
C_저볼륨,인터넷신청추천,9,9,높음
C_저볼륨,집인터넷비교,9,9,높음
C_저볼륨,인터넷+TV가입,10,9,높음
C_저볼륨,인터넷가입현금당일지급,9,9,낮음
C_저볼륨,인터넷TV결합사은품,9,9,높음
C_저볼륨,TV인터넷가입사은품,9,9,낮음
C_저볼륨,TV상품,9,9,낮음
C_저볼륨,인터넷가입TV주는곳,9,9,낮음
C_저볼륨,인터넷신규재가입,9,9,높음
C_저볼륨,인터넷가입지원,9,9,높음
C_저볼륨,인터넷TV가입현금,9,9,높음
C_저볼륨,TV결합,9,9,높음
C_저볼륨,인터넷당일지급,10,9,높음
C_저볼륨,인터넷가입60만원,9,9,높음
C_저볼륨,인터넷신규현금,9,9,높음
C_저볼륨,인터넷TV이전설치,9,9,중간
C_저볼륨,인테넷가입,9,9,낮음
C_저볼륨,인터넷특판,9,9,높음
C_저볼륨,인터넷설치대리점,9,9,높음
C_저볼륨,통신결합,9,9,높음
C_저볼륨,기가인터넷500,9,9,높음
C_저볼륨,온라인인터넷,9,9,높음
C_저볼륨,TV인터넷가격,9,9,높음
C_저볼륨,인터넷TV3년약정,9,9,중간
C_저볼륨,인터넷TV상품,9,9,높음
C_저볼륨,티비+인터넷,9,9,높음
C_저볼륨,인터넷신청TV,9,9,낮음
C_저볼륨,아파트인터넷설치비용,9,9,높음
C_저볼륨,인터넷설치회사,9,9,낮음
C_저볼륨,집인터넷설치비용,9,9,높음
C_저볼륨,온라인인터넷가입,9,9,높음
C_저볼륨,인터넷티비상품,9,9,낮음
C_저볼륨,KT1G인터넷,9,9,높음
C_저볼륨,KT올레가입,9,9,낮음
C_저볼륨,인터넷+TV결합,9,9,높음
C_저볼륨,인터넷TV가입사은품,9,9,높음
C_저볼륨,TV공짜,9,9,낮음
C_저볼륨,인터넷가입하기,9,9,높음
C_저볼륨,인터넷+IPTV,10,9,높음
C_저볼륨,무선인터넷노트북,9,9,높음
C_저볼륨,아파트무선인터넷,9,9,낮음
C_저볼륨,집인터넷신청,9,9,높음
C_저볼륨,인터넷알뜰요금,9,9,높음
C_저볼륨,인터넷설치문의,9,9,높음
C_저볼륨,유플러스티비가입,9,9,높음
C_저볼륨,인터넷가입이벤트,9,9,높음
C_저볼륨,가정용인터넷설치,9,9,높음
C_저볼륨,인터넷+TV결합상품,9,9,높음
C_저볼륨,인터넷TV신규,9,9,높음
C_저볼륨,인터넷비교사이트추천,9,9,높음
C_저볼륨,IPTV사은품,9,9,높음
C_저볼륨,인터넷TV가입비교,10,9,높음
C_저볼륨,인터넷가입자,9,9,낮음
C_저볼륨,인터넷회사추천,9,9,높음
C_저볼륨,엘지유플러스현금,9,9,낮음
C_저볼륨,인터넷가입사은품노트북,9,9,높음
C_저볼륨,인터넷TV혜택,10,9,높음
C_저볼륨,인터넷가입회사,9,9,높음
C_저볼륨,인터넷설치저렴,9,9,높음
C_저볼륨,TV알뜰요금제,9,9,높음
C_저볼륨,유플러스WIFI,9,9,높음
C_저볼륨,인터넷이용요금,9,9,높음
C_저볼륨,KT가입상품,9,9,높음
C_저볼륨,사은품인터넷,9,9,낮음
C_저볼륨,인터넷TV가입혜택,9,9,높음
C_저볼륨,인터넷설치TV사은품,9,9,높음
C_저볼륨,인터넷신규사은품,9,9,높음
C_저볼륨,인터넷약정혜택,9,9,높음
C_저볼륨,LGTV요금,9,9,낮음
C_저볼륨,IPTV변경,9,9,높음
C_저볼륨,인터넷500메가요금제,9,9,높음
C_저볼륨,와이파이비교,9,9,높음
C_저볼륨,SKT인터넷1년약정,500,9,높음
C_저볼륨,알뜰인터넷추천,9,9,높음
C_저볼륨,외국인인터넷,10,9,높음
